<?xml version="1.0" encoding="UTF-8" standalone="yes"?>
<addon id="plugin.video.staycoolflix" name="StayCoolFlix" version="1.0.0" provider-name="StayCool">
    <requires>
        <import addon="xbmc.python" version="2.25.0"/>
    </requires>
    <extension point="xbmc.python.pluginsource" library="default.py">
        <provides>video</provides>
    </extension>
    <extension point="xbmc.addon.metadata">
        <summary lang="en">StayCoolFlix - Your Cool Streaming Addon</summary>
        <description lang="en">StayCoolFlix brings your favorite streams in a neat interface.</description>
        <platform>all</platform>
    </extension>
</addon>
