<addon id="plugin.video.tamilgun"
       name="TamilGun"
       version="1.0.0"
       provider-name="StayCoolFelix">
    <extension point="xbmc.python.pluginsource" library="default.py">
        <provides>video</provides>
    </extension>
    <extension point="xbmc.addon.metadata">
        <summary lang="en">TamilGun Streaming</summary>
        <description lang="en">Watch Tamil movies and shows from TamilGun</description>
        <platform>all</platform>
        <author>StayCoolFelix</author>
    </extension>
    <assets>
        <icon>icon.png</icon>
    </assets>
</addon>
