<?xml version="1.0" encoding="UTF-8"?>
<addon id="plugin.video.staycoolflix" name="StayCoolFlix" version="1.0.0" provider-name="StayCool">
  <requires>
    <import addon="xbmc.python" version="3.0.0"/>
  </requires>
  <extension point="xbmc.python.pluginsource" library="default.py">
    <provide>video</provide>
  </extension>
  <extension point="xbmc.addon.metadata">
    <summary lang="en">A lightweight demo Kodi addon (StayCoolFlix).</summary>
    <description lang="en">Demo plugin with modern layout, live TV placeholder and dynamic menus. Perfect as a working template to expand.</description>
    <platform>all</platform>
  </extension>
  <assets>
    <icon>icon.png</icon>
    <fanart>fanart.jpg</fanart>
  </assets>
</addon>
