<addon id="repository.staycoolfelix"
       name="StayCoolFelix Addons Repository"
       version="1.0.0"
       provider-name="StayCoolFelix">

    <extension point="xbmc.addon.repository" name="StayCoolFelix Repository">
        <dir>
            <info compressed="false">https://raw.githubusercontent.com/YourGitHubUsername/staycool-repo/main/addons.xml</info>
            <checksum>https://raw.githubusercontent.com/YourGitHubUsername/staycool-repo/main/addons.xml.md5</checksum>
            <datadir zip="true">https://raw.githubusercontent.com/YourGitHubUsername/staycool-repo/main/zips/</datadir>
        </dir>
    </extension>

    <extension point="xbmc.addon.metadata">
        <summary lang="en">StayCoolFelix Addons Repository</summary>
        <description lang="en">Repository including TamilDhool, TamilBulb, Tamilyogi, TamilGun</description>
        <platform>all</platform>
        <assets>
            <icon>icon.png</icon>
        </assets>
    </extension>
</addon>
