<addons>
    <addon id="plugin.video.tamildhool" name="TamilDhool" version="1.0.0" provider-name="StayCoolFelix">
        <extension point="xbmc.python.pluginsource" library="default.py"><provides>video</provides></extension>
        <extension point="xbmc.addon.metadata">
            <summary lang="en">TamilDhool Streaming</summary>
            <description lang="en">Watch Tamil shows and episodes from TamilDhool.net</description>
            <platform>all</platform>
            <author>StayCoolFelix</author>
        </extension>
        <assets><icon>icon.png</icon></assets>
    </addon>

    <addon id="plugin.video.tamilbulb" name="TamilBulb" version="1.0.0" provider-name="StayCoolFelix">
        <extension point="xbmc.python.pluginsource" library="default.py"><provides>video</provides></extension>
        <extension point="xbmc.addon.metadata">
            <summary lang="en">TamilBulb Streaming</summary>
            <description lang="en">Watch Tamil shows and episodes from TamilBulb.world</description>
            <platform>all</platform>
            <author>StayCoolFelix</author>
        </extension>
        <assets><icon>icon.png</icon></assets>
    </addon>

    <addon id="plugin.video.tamilyogi" name="Tamilyogi" version="1.0.0" provider-name="StayCoolFelix">
        <extension point="xbmc.python.pluginsource" library="default.py"><provides>video</provides></extension>
        <extension point="xbmc.addon.metadata">
            <summary lang="en">Tamilyogi Streaming</summary>
            <description lang="en">Watch Tamil movies and shows from Tamilyogi</description>
            <platform>all</platform>
            <author>StayCoolFelix</author>
        </extension>
        <assets><icon>icon.png</icon></assets>
    </addon>

    <addon id="plugin.video.tamilgun" name="TamilGun" version="1.0.0" provider-name="StayCoolFelix">
        <extension point="xbmc.python.pluginsource" library="default.py"><provides>video</provides></extension>
        <extension point="xbmc.addon.metadata">
            <summary lang="en">TamilGun Streaming</summary>
            <description lang="en">Watch Tamil movies and shows from TamilGun</description>
            <platform>all</platform>
            <author>StayCoolFelix</author>
        </extension>
        <assets><icon>icon.png</icon></assets>
    </addon>
</addons>
